predicted_types,actual_types,inference_time,shas
"['refactor', 'docs']","['refactor', 'docs']",26.08293867111206,"['bf95d5d0b34d32ef2684488feb3de01cb824b2b4', 'eb51316cdfdc7258d287ba13b67ef2f42bd2b8f6']"
"['refactor', 'build']","['fix', 'feat']",4.587404727935791,"['ab1e60a97c6d5c688dacbd23bca40cb8f20c4ac3', 'f823cf28652987d43c8324b4f5b203240032383a']"
"['refactor', 'test']",['test'],35.38667607307434,['11ffd5174bd61a2939ae58d2b2d43284302ae490']
"['cicd', 'refactor']","['build', 'refactor']",15.20407223701477,"['e0a977b2d316e7612b5d72cb02cd7d78e75dbc55', '0d23f1b3ed22e615b9611bb4eae01d2241e64dff']"
"['docs', 'test', 'refactor']","['docs', 'test']",14.821418762207031,"['9ed3c0c4a72af977fc9150512fb6538f20a94b22', 'f87659953e9af59bc7cb314a22dd076d988ef607']"
"['refactor', 'test']",['test'],8.35175108909607,['7ece3a9a16780dc6c633bbd903d36ce0aefd6a8a']
"['test', 'refactor', 'build']","['docs', 'build', 'test']",16.60092806816101,"['363f84c7da411468b4103da8e0b39ca48cfd8327', '1269431c8a3e7549f10fcbbb4b88ff625c8898b3', '48d5d573886e9fdd0cca1cea47112c4a2f6edf52']"
"['refactor', 'cicd', 'build']","['refactor', 'cicd', 'fix']",8.337734937667847,"['f1bc5a554af4e617c7d7508f7f16f8fd25c78c91', 'e96487ad7ce90b141219d9032fa2bed68d5dae6a', 'c5904a9004fca1e438168ca7334a0deefab536ff']"
"['docs', 'cicd']","['docs', 'cicd']",2.238584041595459,"['f2f52c23b513dd857350f3c163f676d37189d0d3', '2ac99c0a66a1adc18ee4ef660608f814823dd198']"
['build'],['build'],1.4138939380645752,['9ab4c61975e073e214646443d088339cfdbaa88d']
"['refactor', 'test']","['test', 'fix']",8.40867280960083,"['c5e86dbc00a13a355bffadeb2db197e2fea5640f', '07452180fee89e98f05e1aeca68f9923d4c7ab63']"
['build'],"['build', 'fix']",5.594963073730469,"['607ecc92b5f8c084304e406eec725b7dcfa0a562', '7dc3b70fe40fc7de255a28bb3098bcb8c0d35365']"
"['refactor', 'build']","['refactor', 'build', 'feat']",12.140618085861206,"['3346331a963766c8193170fb130adad2e658ada2', 'bfe32bf10e9b6d699f694fbd095af0b3f2e6275f', 'd8d0ba8ea17ed43a04f90213851d2f27056d8cf0']"
"['docs', 'cicd', 'refactor']","['docs', 'build', 'refactor']",4.921005010604858,"['cab2cf4d3fffb0ec2b56d455e67ac5fa992b4104', '2236b37bd671fdb71313cbc6ebd7633f0effba34', 'd7972da833257c073403dec3c2ac3a7f297e328a']"
"['build', 'refactor']","['build', 'feat', 'test']",9.641899108886719,"['bb3e3d9b96e435c3b92fc208bca93d1ad7e1ad50', '6f4c06076abff94f8bb5c634beaba55483a78b72', '6c7398993bc567ec84e4573b6ededbf50b1ef606']"
"['feat', 'refactor', 'test', 'docs', 'cicd']","['feat', 'refactor', 'docs']",17.63204526901245,"['9114362b39f5194209cd0b330af7076333f3db77', 'ee4bf61fb8836e249fb4ef3507dc938e70696b3f', '12257ce53f94dc902df4ba087de90f52d2840ad4']"
"['cicd', 'build']","['cicd', 'fix']",2.459041118621826,"['6132632f7517195c7333308e9c667cdb756bf0af', 'c623b3622058b913290120b06ccdc779a4e4413d']"
"['cicd', 'refactor', 'docs']","['build', 'fix', 'docs']",6.763023138046265,"['88129ee45b1d49bc4ff887f3b488464cc7097e29', '61eaa2d0cca9bd27d6c5f0a8f9b34200b77fdbb0', '9ed3c0c4a72af977fc9150512fb6538f20a94b22']"
"['refactor', 'cicd']","['feat', 'cicd', 'build']",9.163602113723755,"['fd8e563cc19ca4684885d4692acee6bebcca4ada', 'e82254c4ca73fe55834f005f08bc2a060496f815', '9ab4c61975e073e214646443d088339cfdbaa88d']"
"['refactor', 'build']","['build', 'feat']",8.288994073867798,"['c323d59c607cabc91f17a78528d998f376f30b10', 'd8d0ba8ea17ed43a04f90213851d2f27056d8cf0']"
"['refactor', 'docs']","['refactor', 'fix', 'docs']",15.178234815597534,"['2954a0955ce9af6acb345ed1e8328e145ad30475', '6889543bec720e7e7da66535e1012cb66edfe081', 'eb51316cdfdc7258d287ba13b67ef2f42bd2b8f6']"
"['refactor', 'docs']","['refactor', 'docs']",6.420060873031616,"['cd7e8c3d3549ea05115b3f02586eeba894d86906', 'e0177c25e13812306aab0b0991562d58b6d14767']"
"['refactor', 'test']","['test', 'refactor']",3.736222982406616,"['672cd2b9775fb6dac2d522cb3f4469db47c0556b', '36556bf8e0bce4ab6d26eafacbdad04d9614a5d7']"
"['refactor', 'docs']","['fix', 'docs']",4.1583452224731445,"['174f25214caa10ec643db6c81aaa0f3511bf78f4', '04e70ce964b343e28b3dbd0c46d10ccda958ab8c']"
"['refactor', 'test']","['refactor', 'fix', 'test']",6.644742012023926,"['a62314d9bb632be6af026686615d14b912250512', '5636313d7c9cfbd9f48578fd104771d65eae9720', '98bed2a8137930149559bc1cae9bd34a1a75e556']"
['refactor'],['fix'],1.7237591743469238,['c4d9e5023fa0f88ba283b37da27677ceda1cbfbb']
['refactor'],['refactor'],2.989583969116211,['a50b51999015e210918d9c8e95fd4cac347353be']
"['refactor', 'docs']","['refactor', 'docs']",6.153661251068115,"['7dbbb64c45506ef634180638db800b6d9535523d', '9ed3c0c4a72af977fc9150512fb6538f20a94b22']"
"['refactor', 'build']","['fix', 'refactor', 'build']",6.734858989715576,"['c6403b62f8dc0e5bfe25a1c6306fb7040ca447ae', '63eab619e6166eb6cab948028a7b89bf059dd878', 'c55591ba157298a9c5816693c102a89dfd058830']"
['refactor'],['fix'],1.6196911334991455,['a280a52c8309465276c3509848ddcddbe19732b6']
"['refactor', 'test']","['test', 'docs']",3.1494903564453125,"['f411e58cd510f8a2b980b2f1932003a0c0e9f8f3', 'cccdd8a43fea7614f78b6f1dcf1765100928a3db']"
['cicd'],['cicd'],1.9942328929901123,['7152173d26293f4638920b17ce2dfa8ae995193b']
"['refactor', 'docs']","['refactor', 'docs']",7.774111032485962,"['bf95d5d0b34d32ef2684488feb3de01cb824b2b4', '3ee672483790ec71c700907a6e93af4698492026']"
['refactor'],['feat'],2.466212034225464,['4197f2654e8767039dbfd66eca34f261ee3d88c8']
"['cicd', 'refactor']","['cicd', 'test']",7.053378105163574,"['f751bb5426b87f82096d620f1cd6203badf45d58', '19feaea1885eb015759b5c7a5d785521f2b8a212']"
"['cicd', 'docs', 'test']","['fix', 'test', 'docs']",15.713559865951538,"['9474f58b44a35321e9157ca9890c589a7b3729b2', '47df74d40becf915a9d89cdb887abd259b77def0', 'cb1f48b56ae0de93acb72e48726c7d610a1d538e']"
"['test', 'refactor', 'cicd']","['test', 'refactor', 'cicd']",18.498186111450195,"['48d5d573886e9fdd0cca1cea47112c4a2f6edf52', 'bb2ccc1a778452aebf233cf78b20f1f4bab4354b', 'c5fa7b80438fbd74f4c341f0d3c9bd9e0f4910da']"
"['build', 'cicd']","['build', 'docs', 'cicd']",6.906286239624023,"['4ab28fc2e63e975a0c77e18ae644f34fa5f8771a', 'af880ac5b4fecbc6c4f3d1eee0d95f326e8bd9d1', '74e9de5ec97dc013a52aa063dff0f40ac74c407b']"
"['test', 'refactor']","['test', 'fix', 'build']",8.253349781036377,"['7d3e9b3a98b02f6cb1f3444dc7e3a0459aeb26a7', '974e033a3ca7484290a04201ee33856a25da0942', 'ca060bf255a55b99000ddf0c67f7422f28b735a6']"
"['build', 'refactor']","['build', 'fix', 'feat']",11.03609585762024,"['fab09655d5cc30727289cc3f26e5396fce235cd3', 'bed78248c941d57ad4cc20a455147e186e97c7a1', '6b473cbdc5997af47c56a2a74f5b64da6d4c2ad7']"
"['refactor', 'build']",['fix'],3.445265054702759,['bed78248c941d57ad4cc20a455147e186e97c7a1']
"['build', 'refactor']","['build', 'docs']",6.898169040679932,"['a827777f41e90b6332c191d05bae8db525de6f38', 'f2f52c23b513dd857350f3c163f676d37189d0d3']"
['docs'],['docs'],1.5331051349639893,['94202f01e44c58bee4419044f8a18ac5f1a50dff']
"['feat', 'refactor']","['fix', 'feat', 'build']",10.440060138702393,"['9be725fa3906323d4bc9788f54eccf74109d632b', 'bea32587586ca08f390c901a95e9b9c25263f4df', '4ab28fc2e63e975a0c77e18ae644f34fa5f8771a']"
"['docs', 'test', 'cicd', 'feat']","['docs', 'cicd', 'test']",16.914408206939697,"['16d4ace80096557fb3fd48396aa09107241c3131', 'f8c7b34bdeedcf1a4628cd50b23920afeaf57cb6', '11ffd5174bd61a2939ae58d2b2d43284302ae490']"
"['refactor', 'docs']","['docs', 'fix']",20.608171224594116,"['eb51316cdfdc7258d287ba13b67ef2f42bd2b8f6', 'cbce777addb3dd118232a9f28db9d425d4c937b2']"
"['refactor', 'feat']","['fix', 'feat']",3.6740050315856934,"['7dc3b70fe40fc7de255a28bb3098bcb8c0d35365', '6ae067153cd2608018fd3da76bd6d00a08da4b3a']"
"['refactor', 'test']","['refactor', 'fix']",6.147254943847656,"['f86944ff00b970d7e2da48abbff43e58bdf29b99', '2561f4ade46fc9d59f289f328cc77733a6443697']"
"['docs', 'test']","['docs', 'test']",3.007662057876587,"['88257ee720ed8ba136d49087c0d31373e8397dd5', 'e2e8ad25854bd1e7cdbc7f50b50bbd99e04ad47d']"
"['build', 'test', 'refactor']","['build', 'test', 'refactor']",8.867090940475464,"['4ab28fc2e63e975a0c77e18ae644f34fa5f8771a', '6c7398993bc567ec84e4573b6ededbf50b1ef606', 'bb2ccc1a778452aebf233cf78b20f1f4bab4354b']"
"['docs', 'test', 'cicd']","['docs', 'test', 'cicd']",16.13420009613037,"['cb1f48b56ae0de93acb72e48726c7d610a1d538e', 'b7ce2894fd1794064bd6db4ed730bb6cb7728739', '83934807f4061980e7f5bf46d36eca70e238835d']"
['cicd'],['build'],2.010737895965576,['88129ee45b1d49bc4ff887f3b488464cc7097e29']
"['refactor', 'test', 'build']","['feat', 'fix']",15.0274019241333,"['1a60540f2bcda48d33f015e31f3728ac2c59a159', 'c623b3622058b913290120b06ccdc779a4e4413d']"
"['refactor', 'build']","['refactor', 'fix', 'build']",9.12005090713501,"['d2709cab63295109dcd1a49f57da9418110e9044', 'c4d9e5023fa0f88ba283b37da27677ceda1cbfbb', '2236b37bd671fdb71313cbc6ebd7633f0effba34']"
"['refactor', 'build']","['fix', 'build', 'test']",16.164239168167114,"['e9233ae3f7811707945fc2de60971595d83c578d', 'e4a11fd5c34942ba12737f1c8c084489428ee274', 'e2e8ad25854bd1e7cdbc7f50b50bbd99e04ad47d']"
"['build', 'cicd']","['cicd', 'build']",4.793816804885864,"['45837af24a33308a70a3454f0f650f9fe728e272', '411be831591b2ea15ca9138eaf8db81f51b5101e']"
"['docs', 'test', 'build']","['docs', 'test', 'build']",5.759369850158691,"['c2ee5cd5e709afd15c5565ee009a0d204403a119', 'e2e8ad25854bd1e7cdbc7f50b50bbd99e04ad47d', 'c55591ba157298a9c5816693c102a89dfd058830']"
"['docs', 'build', 'cicd']","['docs', 'build', 'cicd']",13.117289066314697,"['f2f52c23b513dd857350f3c163f676d37189d0d3', 'af53b9487f74ff28438928903fb1f2db93fe4fa8', 'e11d55a4922978b89a2c50bf577124b09449e89c']"
"['test', 'docs']",['test'],3.161856174468994,['6c7398993bc567ec84e4573b6ededbf50b1ef606']
"['refactor', 'build']",['refactor'],24.013379096984863,['3cca5c314ad6feeffbfe1f14cf49ebd0fd9a95a2']
"['refactor', 'test']","['test', 'fix', 'refactor']",4.808497905731201,"['cd9e6a2ab17c5961b0f977bb8a06f8545da49a97', '1e05a24486f15889ddf6bf1c711ea2bbffc1a88e', '4bfbf60653068ef17df98c021134692bd6d02939']"
"['build', 'test']","['build', 'test']",3.283823251724243,"['66f907f2d6ff0956bb5215518678bc79cab83c17', '7e1ece7d3fd41d1e3ee38e479c119494bb269966']"
"['test', 'build']","['test', 'build', 'cicd']",12.073052167892456,"['bed86aeae8dad2dd6371635cd24bf8ef3db80361', 'ecc481f9f501aa34b41e06e7bbdde6e79f8ca1bb', 'c3531347fe5a4cc82d426db195026a5bdad15e7a']"
"['test', 'refactor']","['test', 'refactor']",1.821458101272583,"['bed86aeae8dad2dd6371635cd24bf8ef3db80361', '47ef9104e4a89e80d7cc6c1950bc080841da4a7b']"
"['test', 'refactor', 'build']","['test', 'refactor', 'fix']",16.06581711769104,"['21c004b3c40bd3d68f0d32d173a29632765666c8', '3cca5c314ad6feeffbfe1f14cf49ebd0fd9a95a2', 'eebee9ab0bb6d4255ad0402d8422364e96bfef61']"
"['build', 'refactor']","['cicd', 'fix']",11.019454956054688,"['640cd88df3069a97d8244398414338dd317c5470', '97cabf49e7aca7754edde247003fbcb4ea42dd59']"
"['test', 'build']","['test', 'fix', 'build']",18.904590129852295,"['e0198f74b81da3663144cfe1d971939319f82a0f', '1e05a24486f15889ddf6bf1c711ea2bbffc1a88e', '7e9bd7c86df1032d53e752654fe4a446951480bb']"
"['cicd', 'test', 'docs', 'feat']","['cicd', 'fix', 'feat']",16.082776069641113,"['c5fa7b80438fbd74f4c341f0d3c9bd9e0f4910da', '148cd56d096ba972e9706653c47052a07d5f9d08', '9b1c0fc20b614513384a1e562317dbf076eb8ef0']"
"['refactor', 'test']","['refactor', 'test']",9.267853260040283,"['300ac2e411ef0ebfe1441d42cc88787116a9afa4', 'c5e86dbc00a13a355bffadeb2db197e2fea5640f']"
"['refactor', 'test']",['refactor'],2.9260358810424805,['535708ae50aecb452560a23356fd396f99ef13a2']
"['test', 'feat', 'refactor', 'cicd']","['cicd', 'feat', 'test']",16.03387713432312,"['02f9e79a755a1dd95e661c674d6966837f378442', 'fd5f211916c989fddc2ee5afeeb7d46e6a2f51cb', 'd2c3f0ba6f85b659b76636a91ea9ab2b5a95a720']"
"['refactor', 'build']","['refactor', 'test', 'build']",7.974631309509277,"['9c0aae64774a6fd864622474cb645371fee114b5', '19feaea1885eb015759b5c7a5d785521f2b8a212', '65574eea5da54bf4722ecb551b42f8ff6088f33b']"
"['cicd', 'docs']","['cicd', 'docs']",3.5289769172668457,"['6132632f7517195c7333308e9c667cdb756bf0af', 'aca23027da1295c78fdf42ba9687d8ccc88784d7']"
"['refactor', 'test']","['docs', 'refactor']",3.0390889644622803,"['9a60af7fa3b480e2e04bacd646112cad9aaab6d7', 'ad52e1d67fd77f0b6a73fbf989b33f9abf395ecc']"
"['docs', 'cicd']","['docs', 'cicd']",3.86142897605896,"['ee7cc5d5a940fba774e715b1f029c6361110b108', '2ac99c0a66a1adc18ee4ef660608f814823dd198']"
"['refactor', 'build']",['refactor'],6.8089759349823,['8a9a022baa15befc325f87892c6bdae25b35bc33']
['test'],['test'],3.894481897354126,['e0198f74b81da3663144cfe1d971939319f82a0f']
"['refactor', 'test']","['build', 'feat', 'test']",34.56871676445007,"['7e04a5e829d7416e312ac342a00a11787745753b', 'ded26d768ff432ad3bde3c0aa1e95ce50726100a', '87427fe39d165bee2acedde8dbaa237cca3fb61e']"
"['refactor', 'build']","['feat', 'refactor', 'fix']",3.599001884460449,"['d3c754f09502be979e5dcc79f968b15052590bd0', '36556bf8e0bce4ab6d26eafacbdad04d9614a5d7', '6889543bec720e7e7da66535e1012cb66edfe081']"
['refactor'],['test'],1.501708984375,['cd9e6a2ab17c5961b0f977bb8a06f8545da49a97']
"['refactor', 'test']",['test'],2.3788840770721436,['efeb30f26252ef4791ef2a02d83827b7f0c45462']
"['refactor', 'build']",['build'],2.8218870162963867,['81ca000c6a7e7435809081c60be37dda23458ec8']
"['refactor', 'build', 'test']","['refactor', 'cicd', 'test']",4.063047170639038,"['b7b1d2b315443e1854403c8fe8f871c4632b5d31', '6786fd5955b064021f5b6d6a630453351d683fae', 'a8d1a60fd48d3fbd76d4271987a1b0f538d498f1']"
"['refactor', 'test']",['fix'],2.9850752353668213,['2f5718743a830d40ddf272ad46f253dbb6d08cff']
"['test', 'refactor']","['test', 'refactor']",6.9112701416015625,"['a8d1a60fd48d3fbd76d4271987a1b0f538d498f1', '0d23f1b3ed22e615b9611bb4eae01d2241e64dff']"
"['feat', 'test', 'refactor']","['feat', 'refactor', 'test']",11.648484230041504,"['6f4c06076abff94f8bb5c634beaba55483a78b72', '0d23f1b3ed22e615b9611bb4eae01d2241e64dff', 'b700285c1f27588922d9c56527cee721bb884682']"
"['docs', 'refactor']","['docs', 'build']",2.8155689239501953,"['e0177c25e13812306aab0b0991562d58b6d14767', '573f87edf9bdc19c9c4c3a978fad6ed3ce788f5f']"
"['refactor', 'test']",['refactor'],10.123066902160645,['1db13ec43727aca872a0f3836e4023ed85db665e']
"['refactor', 'test']","['test', 'fix']",6.230566740036011,"['19feaea1885eb015759b5c7a5d785521f2b8a212', 'cbce777addb3dd118232a9f28db9d425d4c937b2']"
"['refactor', 'docs']","['fix', 'docs']",3.351666212081909,"['87d5d4e55ab7149b593d29410f1fe426ba2447d4', '363f84c7da411468b4103da8e0b39ca48cfd8327']"
"['fix', 'build', 'test', 'docs', 'refactor', 'cicd']","['build', 'fix']",12.980208158493042,"['af53b9487f74ff28438928903fb1f2db93fe4fa8', '4986a5892fb00bd5a6b2065ad8cfefbc36052dd7']"
"['build', 'refactor']","['build', 'fix']",3.1240670680999756,"['9a25fe59dfb63d32505afcea3a164ff0b8ea4c71', '87d5d4e55ab7149b593d29410f1fe426ba2447d4']"
"['refactor', 'build']","['refactor', 'build']",21.09006118774414,"['8d53d724275ebe4b2a0bb0bd7e2c2dfc399e049b', '63546c15bfb1284ac6d956eee274e6d7cf263a8f']"
"['build', 'fix']",['cicd'],2.3072152137756348,['e11d55a4922978b89a2c50bf577124b09449e89c']
['build'],['cicd'],3.6403889656066895,['45837af24a33308a70a3454f0f650f9fe728e272']
"['refactor', 'build']","['build', 'fix']",4.0390050411224365,"['5d256f937f93e5a5ed003df86d38c44834095a11', 'bed78248c941d57ad4cc20a455147e186e97c7a1']"
"['build', 'cicd', 'docs']","['build', 'docs']",22.664546251296997,"['7e9bd7c86df1032d53e752654fe4a446951480bb', 'aca23027da1295c78fdf42ba9687d8ccc88784d7']"
['cicd'],['cicd'],1.4699790477752686,['dbb537a26e388a8d7d17faf131abc30c2f7a84e6']
"['cicd', 'test', 'build']","['cicd', 'fix', 'feat']",5.4935760498046875,"['ee824ddd71cbc4ccc26f7c6876d379c4927b79e6', '06e2be4e2019b6fa714e1fcb34485860ef1ede79', '364d9bf18b2ce73c04d5ec3a70aefa3e6b83cc12']"
"['test', 'refactor']","['test', 'fix']",4.05317497253418,"['b7ce2894fd1794064bd6db4ed730bb6cb7728739', '7dc3b70fe40fc7de255a28bb3098bcb8c0d35365']"
"['cicd', 'build']","['cicd', 'build', 'test']",7.398798942565918,"['fb3a231b29bc8bff9270b99dd4aff9dad599f21f', '92e940efeee199b1e0bbbc3c9eea7f3dc8221619', 'c3b5dc77ff3d89d389f6f3a868b17d0a8ca63074']"
"['feat', 'build', 'cicd']","['feat', 'build', 'cicd']",5.7575390338897705,"['f0a4b62f4bd2a1ba2caf37c764b117b352a2f2b3', '66f907f2d6ff0956bb5215518678bc79cab83c17', '34875bc0e59b43d9041903101c823d25ec194a21']"
['docs'],['docs'],2.652550220489502,['9ed3c0c4a72af977fc9150512fb6538f20a94b22']
"['docs', 'test', 'refactor']","['docs', 'test', 'feat']",8.76461911201477,"['e2821a56c7d867b8b591f1777019843a2ffca797', 'cd9e6a2ab17c5961b0f977bb8a06f8545da49a97', '6b473cbdc5997af47c56a2a74f5b64da6d4c2ad7']"
['docs'],['docs'],1.4610528945922852,['f2f52c23b513dd857350f3c163f676d37189d0d3']
['cicd'],['cicd'],2.1143529415130615,['b702adc245f679ae20d84de39f0d63b14aabed5d']
"['refactor', 'build']",['build'],1.7489540576934814,['573f87edf9bdc19c9c4c3a978fad6ed3ce788f5f']
"['refactor', 'test']","['fix', 'test']",8.829407930374146,"['4986a5892fb00bd5a6b2065ad8cfefbc36052dd7', '87427fe39d165bee2acedde8dbaa237cca3fb61e']"
"['test', 'build']","['test', 'fix']",3.4977810382843018,"['229b53a632ea97d47c4be11f096bdd828fb415d8', '6889543bec720e7e7da66535e1012cb66edfe081']"
['build'],['build'],2.405085325241089,['c55591ba157298a9c5816693c102a89dfd058830']
"['refactor', 'cicd']","['fix', 'cicd', 'refactor']",8.115005254745483,"['9be725fa3906323d4bc9788f54eccf74109d632b', 'e11d55a4922978b89a2c50bf577124b09449e89c', '771857b1df9470ebc15357e8879118a72c649d5b']"
['refactor'],['fix'],1.3797109127044678,['dc50bd35462a49058c91a939fc8830ae7a9eb692']
"['refactor', 'build']","['refactor', 'cicd', 'build']",12.84866976737976,"['4f86f2570b274c45605cc59d9adb38f7ed30cd17', '9187415f5ee35d2e88dd834e413fc16bf19c5db1', 'bb3e3d9b96e435c3b92fc208bca93d1ad7e1ad50']"
"['refactor', 'build', 'cicd']","['build', 'fix', 'feat']",17.76002597808838,"['aa30370b796c1f46cc60aa56b2918c3d27c0cf88', '4b5604063fcb8ff457bcb61fdbea85c6b3a5c620', '1a60540f2bcda48d33f015e31f3728ac2c59a159']"
['refactor'],['refactor'],2.265587091445923,['ee4bf61fb8836e249fb4ef3507dc938e70696b3f']
"['cicd', 'refactor']","['docs', 'cicd', 'fix']",6.553185224533081,"['12257ce53f94dc902df4ba087de90f52d2840ad4', 'b702adc245f679ae20d84de39f0d63b14aabed5d', 'cbce777addb3dd118232a9f28db9d425d4c937b2']"
['build'],['build'],2.2878289222717285,['fab09655d5cc30727289cc3f26e5396fce235cd3']
"['refactor', 'docs']","['fix', 'docs', 'refactor']",14.446944952011108,"['9be725fa3906323d4bc9788f54eccf74109d632b', '88257ee720ed8ba136d49087c0d31373e8397dd5', '3cca5c314ad6feeffbfe1f14cf49ebd0fd9a95a2']"
"['build', 'test', 'refactor']","['build', 'feat', 'test']",3.8515779972076416,"['573f87edf9bdc19c9c4c3a978fad6ed3ce788f5f', 'd3c754f09502be979e5dcc79f968b15052590bd0', 'a8d1a60fd48d3fbd76d4271987a1b0f538d498f1']"
"['test', 'refactor', 'fix']","['test', 'feat', 'refactor']",13.457931995391846,"['e2e8ad25854bd1e7cdbc7f50b50bbd99e04ad47d', '4d92f352741b04c8709319dfe5c8419654f3682c', '4bfbf60653068ef17df98c021134692bd6d02939']"
"['refactor', 'test']",['test'],6.227974891662598,['c5e86dbc00a13a355bffadeb2db197e2fea5640f']
"['refactor', 'build']","['test', 'build', 'docs']",9.144091129302979,"['bedc7950b24c37809e36a585b7985d5aa5e3e458', '27169897c0e58bc4fbca724f290ad54fa39abec7', '036a0ff49a7dade0e04c9c07071a1ff49133ee24']"
"['docs', 'build']",['docs'],3.1322338581085205,['e4c3e2cff769ce46d22d5c8f7dd527510443a8a7']
"['cicd', 'test']","['cicd', 'build', 'test']",8.713793992996216,"['e34bb04baac7574e67bc566d13dea72092e0cfa3', '65574eea5da54bf4722ecb551b42f8ff6088f33b', 'e0198f74b81da3663144cfe1d971939319f82a0f']"
"['refactor', 'test']","['fix', 'refactor']",8.85213017463684,"['a280a52c8309465276c3509848ddcddbe19732b6', '4f86f2570b274c45605cc59d9adb38f7ed30cd17']"
"['refactor', 'cicd']","['fix', 'cicd']",5.441473007202148,"['34d80114704679118e9bb6058e0d6c7aa03fd4b5', 'e7a67d88173566be3cd3aed7e9eeb7e29aabbc57']"
"['refactor', 'test']",['fix'],4.061661958694458,['06960183db42cba1b1f1a8077660ba8c801c9e18']
"['docs', 'test']","['docs', 'build', 'test']",22.037384033203125,"['81f37be838d5e3af738908b1bcbf59fea2b45989', 'fab09655d5cc30727289cc3f26e5396fce235cd3', '7ece3a9a16780dc6c633bbd903d36ce0aefd6a8a']"
"['test', 'cicd', 'docs']","['test', 'cicd', 'docs']",5.20534610748291,"['4aa3e4c438742ef0fe694ffaf6a181874366d777', 'f8c7b34bdeedcf1a4628cd50b23920afeaf57cb6', 'c2ee5cd5e709afd15c5565ee009a0d204403a119']"
['build'],['fix'],2.409871816635132,['eebee9ab0bb6d4255ad0402d8422364e96bfef61']
"['refactor', 'cicd']","['build', 'feat', 'cicd']",12.37224006652832,"['f14ef3809f456aadd73523e47cb16c5d15e9a9df', '39d5d1cfe8d2210305df2c8fab4a4ae430732cf7', 'd0c6476df61b9c6ab07b87e1724ea7c5318595bb']"
"['refactor', 'test']",['feat'],19.178949117660522,['d1fed3e9907d0a9e3fe45dbfe2ff27bd10b3e1f4']
['refactor'],['fix'],1.7478549480438232,['933ab6bb86372913c992567cf9660009900911a7']
"['docs', 'refactor']","['docs', 'fix']",4.716968059539795,"['e2821a56c7d867b8b591f1777019843a2ffca797', '06960183db42cba1b1f1a8077660ba8c801c9e18']"
"['refactor', 'test', 'docs']","['feat', 'build', 'docs']",16.162851810455322,"['f433bcb59c36571e22d4e86c612e0a6a52f73c09', 'c323d59c607cabc91f17a78528d998f376f30b10', '12257ce53f94dc902df4ba087de90f52d2840ad4']"
"['refactor', 'build']","['fix', 'build']",2.2986621856689453,"['9be725fa3906323d4bc9788f54eccf74109d632b', '3fcfb20b0feb371b357edc42fcb7c87085c9b82a']"
"['test', 'docs', 'refactor']","['refactor', 'test', 'docs']",18.79848599433899,"['fba4326c72fc22d81aba6976a9fef1e4b6154fd9', '73eac947689e3fc6b53bf626a6b4604056166d6e', '2ba752d45350a676babe553dd68f019af81b512b']"
"['build', 'docs']","['refactor', 'docs']",4.223252773284912,"['84529bcb10c6fe02e2c0079d069ab6c6ac7683d6', '12257ce53f94dc902df4ba087de90f52d2840ad4']"
"['refactor', 'test', 'build']","['refactor', 'test', 'build']",16.04503607749939,"['0cb9751b0a1bdd8d2c88b45d4366e760d6b1bbed', '32b76173a259ea1993298289b436cf10c1e800bf', '7f9721dc9bbf66a3712d59352f64ca089da139f0']"
"['docs', 'build', 'test', 'refactor']","['docs', 'build', 'fix']",5.803737163543701,"['096145f0d32a6b351b1db413b04a685952f04fb3', 'e4a11fd5c34942ba12737f1c8c084489428ee274', '87d5d4e55ab7149b593d29410f1fe426ba2447d4']"
['refactor'],['fix'],1.8896210193634033,['33c25b2f59c931a7f4af994365522221a7821dca']
"['cicd', 'test']","['cicd', 'feat']",3.3196499347686768,"['9187415f5ee35d2e88dd834e413fc16bf19c5db1', 'd3c754f09502be979e5dcc79f968b15052590bd0']"
"['refactor', 'docs']","['refactor', 'docs']",39.27768802642822,"['9e3f295bbfd4098ffda1ae6656699f60b86c1f92', 'eb51316cdfdc7258d287ba13b67ef2f42bd2b8f6']"
"['refactor', 'build']",['feat'],2.626807928085327,['68278b00450f2679761a2999500f6d87a579376b']
"['refactor', 'cicd', 'build']","['refactor', 'cicd', 'build']",10.907543897628784,"['bf95d5d0b34d32ef2684488feb3de01cb824b2b4', '7152173d26293f4638920b17ce2dfa8ae995193b', 'aa30370b796c1f46cc60aa56b2918c3d27c0cf88']"
"['refactor', 'test', 'cicd']","['refactor', 'test', 'cicd']",5.7616188526153564,"['3e0c4cbf91fe5efc9b93baba93e4df93ef4ab5cd', '6c7398993bc567ec84e4573b6ededbf50b1ef606', 'f8c7b34bdeedcf1a4628cd50b23920afeaf57cb6']"
"['docs', 'cicd']","['docs', 'cicd']",3.031296968460083,"['af0a5f7ab9d71fe20aa0888f682368f32b26fe18', '7152173d26293f4638920b17ce2dfa8ae995193b']"
"['refactor', 'cicd']","['test', 'cicd', 'fix']",5.614802837371826,"['efeb30f26252ef4791ef2a02d83827b7f0c45462', 'bc28d536c0dd1061ac96cea0241857c1d4e4e0f2', 'dc50bd35462a49058c91a939fc8830ae7a9eb692']"
['build'],['build'],34.816563844680786,['7e9bd7c86df1032d53e752654fe4a446951480bb']
['cicd'],['cicd'],4.390055894851685,['c5fa7b80438fbd74f4c341f0d3c9bd9e0f4910da']
"['refactor', 'test']",['refactor'],8.225234031677246,['4f86f2570b274c45605cc59d9adb38f7ed30cd17']
"['refactor', 'build', 'test']","['refactor', 'build', 'test']",11.150593042373657,"['5d14de6722eb34c6604a124f6f11cb711f16bd44', '7f9721dc9bbf66a3712d59352f64ca089da139f0', 'c5e86dbc00a13a355bffadeb2db197e2fea5640f']"
"['build', 'cicd']","['cicd', 'docs', 'build']",9.730524778366089,"['640cd88df3069a97d8244398414338dd317c5470', 'f2f52c23b513dd857350f3c163f676d37189d0d3', '607ecc92b5f8c084304e406eec725b7dcfa0a562']"
"['refactor', 'test', 'cicd']","['test', 'docs']",5.6424641609191895,"['b700285c1f27588922d9c56527cee721bb884682', 'e12d9e77a6fd531a22325337838a841b1c67f00d']"
"['docs', 'cicd']","['docs', 'cicd']",8.790587902069092,"['94202f01e44c58bee4419044f8a18ac5f1a50dff', '32845e1bbd1efb5dbc16f671049509a409ba25ce']"
"['refactor', 'docs']","['build', 'docs']",3.4534599781036377,"['8911a972222dc80a242f3f1d9b3596321b3fdeaa', '6d405dfc1675dcad64a2dfac0c0cb0fb28381d21']"
"['test', 'refactor']","['test', 'refactor', 'fix']",9.719728231430054,"['21c004b3c40bd3d68f0d32d173a29632765666c8', 'f1bc5a554af4e617c7d7508f7f16f8fd25c78c91', '2f5718743a830d40ddf272ad46f253dbb6d08cff']"
"['refactor', 'test']","['fix', 'test']",4.20620584487915,"['bed78248c941d57ad4cc20a455147e186e97c7a1', 'e2e8ad25854bd1e7cdbc7f50b50bbd99e04ad47d']"
['refactor'],['build'],1.5049810409545898,['6aa63c9b8d4dcdbb401743adc3c9a1020d943250']
['cicd'],['cicd'],1.6841082572937012,['6132632f7517195c7333308e9c667cdb756bf0af']
"['build', 'test', 'cicd']","['cicd', 'test', 'build']",9.839488983154297,"['e7a67d88173566be3cd3aed7e9eeb7e29aabbc57', 'c3b5dc77ff3d89d389f6f3a868b17d0a8ca63074', '92e940efeee199b1e0bbbc3c9eea7f3dc8221619']"
"['refactor', 'test']","['refactor', 'test']",3.201537847518921,"['a62314d9bb632be6af026686615d14b912250512', '4aa3e4c438742ef0fe694ffaf6a181874366d777']"
['refactor'],['fix'],3.563620090484619,['61eaa2d0cca9bd27d6c5f0a8f9b34200b77fdbb0']
"['refactor', 'test', 'cicd']","['fix', 'test', 'cicd']",10.509782075881958,"['c6403b62f8dc0e5bfe25a1c6306fb7040ca447ae', 'b7e2330fa3a8d7b8a9bff01b707c44e64b845c7b', 'dbb537a26e388a8d7d17faf131abc30c2f7a84e6']"
['refactor'],['refactor'],3.1971118450164795,['f86944ff00b970d7e2da48abbff43e58bdf29b99']
"['refactor', 'test']",['feat'],2.8779048919677734,['5373c3036866db58b322b424d3be9dedff57a376']
['test'],['test'],2.610698938369751,['229b53a632ea97d47c4be11f096bdd828fb415d8']
"['build', 'cicd']","['cicd', 'build']",2.3866989612579346,"['4c44543a3d9eea37e90a2316717feb01c0e0d83a', 'ca060bf255a55b99000ddf0c67f7422f28b735a6']"
"['refactor', 'build']","['feat', 'build']",8.307494878768921,"['bea32587586ca08f390c901a95e9b9c25263f4df', '63546c15bfb1284ac6d956eee274e6d7cf263a8f']"
['cicd'],['cicd'],1.4906151294708252,['c444fdb9e85ce44c5c0c99addc777dd7b6085153']
['refactor'],['refactor'],11.243883848190308,['062daa45cbd5dba6e96e95d8cdcaee89ae30a83c']
"['docs', 'build']","['docs', 'fix', 'cicd']",8.153502941131592,"['16d4ace80096557fb3fd48396aa09107241c3131', '5ffc5794808647de14f945141692be26ad143006', 'c5fa7b80438fbd74f4c341f0d3c9bd9e0f4910da']"
['refactor'],['fix'],2.335015058517456,['1e05a24486f15889ddf6bf1c711ea2bbffc1a88e']
"['cicd', 'refactor']","['cicd', 'feat']",2.502234935760498,"['9117fdedb9b5ce0345c31b3e1fa22ae8554944d4', 'dc5238b2bda98a7c4f2fe9584fc3b0191a408109']"
"['refactor', 'cicd', 'docs']","['fix', 'cicd', 'docs']",5.715282917022705,"['2f5718743a830d40ddf272ad46f253dbb6d08cff', '4638dcdf7011e8e42d11fde04f068f22ee20fa1d', '9ed3c0c4a72af977fc9150512fb6538f20a94b22']"
"['refactor', 'build']","['test', 'build']",2.240960121154785,"['cd9e6a2ab17c5961b0f977bb8a06f8545da49a97', '5b81fde8a72cf2e69a10e9f5c4f0bea0a2b8c3e0']"
"['docs', 'build']","['docs', 'build', 'test']",8.445626974105835,"['dbb8617214aaa8b56b827deef1265d9ee38765bd', '37b1cbfd3d2c462ef4f2a131e4172c38dc8d9ddf', '19feaea1885eb015759b5c7a5d785521f2b8a212']"
"['refactor', 'docs']","['feat', 'refactor']",7.0815629959106445,"['5373c3036866db58b322b424d3be9dedff57a376', 'cd7e8c3d3549ea05115b3f02586eeba894d86906']"
"['feat', 'docs']","['feat', 'fix', 'build']",15.270015954971313,"['9b1c0fc20b614513384a1e562317dbf076eb8ef0', '34d80114704679118e9bb6058e0d6c7aa03fd4b5', 'f46c6c6c26a14312aa05a77ff2a14aebd74e13ac']"
['docs'],['docs'],3.567466974258423,['fc9af4d0b93d69be4e201ffb18da04324e8a4a87']
"['refactor', 'cicd']","['refactor', 'cicd']",4.245078802108765,"['3346331a963766c8193170fb130adad2e658ada2', '3f2eec37f76c1ad9408e423e49fe5bfe3e17d943']"
"['refactor', 'test', 'build', 'cicd']","['refactor', 'test', 'feat']",17.067403078079224,"['15f8d95754a0b6865ea475ca9e515272a07bf6ba', 'b7ce2894fd1794064bd6db4ed730bb6cb7728739', '9c2c7ea1d4935d30e014ca807a4f9cb1665b1e41']"
"['fix', 'test']","['docs', 'test']",4.982745170593262,"['af0a5f7ab9d71fe20aa0888f682368f32b26fe18', 'f2cc48b74bf92fe22cc265cff4224565f910a921']"
"['refactor', 'docs', 'build']","['fix', 'docs', 'cicd']",7.146666049957275,"['9ef5c0d14193a9abb09b39856f58477d1f4b0d77', '363f84c7da411468b4103da8e0b39ca48cfd8327', '45837af24a33308a70a3454f0f650f9fe728e272']"
"['refactor', 'cicd']","['refactor', 'cicd']",3.6433489322662354,"['2954a0955ce9af6acb345ed1e8328e145ad30475', '6c9cb638cb4d1ecc42632fcf389c24898c5b3244']"
"['docs', 'refactor']","['docs', 'fix', 'test']",3.7137670516967773,"['94202f01e44c58bee4419044f8a18ac5f1a50dff', 'dc50bd35462a49058c91a939fc8830ae7a9eb692', 'd2c3f0ba6f85b659b76636a91ea9ab2b5a95a720']"
"['refactor', 'test']",['refactor'],5.833531141281128,['4be836f5655fb5356fde5ddd7437125f8574705d']
"['cicd', 'refactor', 'test']","['cicd', 'feat', 'test']",16.813621997833252,"['fb3a231b29bc8bff9270b99dd4aff9dad599f21f', '7ab965c55d0e98fdb6179577d0db56599675e400', '48d5d573886e9fdd0cca1cea47112c4a2f6edf52']"
"['refactor', 'cicd']","['fix', 'cicd']",3.8182241916656494,"['5b70e008c57efc89da4061f9adb7d0491b2ea644', '4638dcdf7011e8e42d11fde04f068f22ee20fa1d']"
"['cicd', 'refactor']","['cicd', 'fix']",4.450897932052612,"['e96487ad7ce90b141219d9032fa2bed68d5dae6a', 'bed78248c941d57ad4cc20a455147e186e97c7a1']"
"['build', 'test']","['build', 'docs']",4.858072996139526,"['65574eea5da54bf4722ecb551b42f8ff6088f33b', '099861ff5b0f83773ca0af4c70e6e39be3b0336c']"
"['test', 'build', 'refactor']","['test', 'build', 'fix']",10.621353149414062,"['b7e2330fa3a8d7b8a9bff01b707c44e64b845c7b', 'f14ef3809f456aadd73523e47cb16c5d15e9a9df', '33c25b2f59c931a7f4af994365522221a7821dca']"
"['refactor', 'build', 'test']","['docs', 'fix', 'feat']",3.4819719791412354,"['9849430b11b92ae58d94cfe4d0b06313c7eab550', 'c5904a9004fca1e438168ca7334a0deefab536ff', 'd3c754f09502be979e5dcc79f968b15052590bd0']"
['refactor'],['build'],5.5418381690979,['27169897c0e58bc4fbca724f290ad54fa39abec7']
"['docs', 'test']",['docs'],2.0133209228515625,['c351088bce98594c740a39546ce3655c91554a5d']
"['refactor', 'build']","['docs', 'fix']",4.644238233566284,"['9849430b11b92ae58d94cfe4d0b06313c7eab550', '2561f4ade46fc9d59f289f328cc77733a6443697']"
"['refactor', 'test']",['refactor'],6.556611061096191,['f1bc5a554af4e617c7d7508f7f16f8fd25c78c91']
"['refactor', 'cicd']","['test', 'fix', 'cicd']",3.7194228172302246,"['7ab363f7ba2807b3eb9895e47f4fcd058f43ae5e', 'a280a52c8309465276c3509848ddcddbe19732b6', '28e623b294816c4e070971782a75c8697a11966f']"
"['refactor', 'test']","['refactor', 'build']",19.35659384727478,"['323cf81961cdd3748a7ba6ba470ecb13e5374e9f', '8911a972222dc80a242f3f1d9b3596321b3fdeaa']"
"['refactor', 'cicd']","['fix', 'build', 'cicd']",6.0717668533325195,"['304d0588f634e9e72087a706367c53af9c7f7180', '65574eea5da54bf4722ecb551b42f8ff6088f33b', 'b702adc245f679ae20d84de39f0d63b14aabed5d']"
"['refactor', 'test']",['refactor'],22.973772048950195,['9e3f295bbfd4098ffda1ae6656699f60b86c1f92']
"['refactor', 'test']","['fix', 'refactor', 'feat']",18.955573081970215,"['bed78248c941d57ad4cc20a455147e186e97c7a1', '4be836f5655fb5356fde5ddd7437125f8574705d', 'cad5e45208346528ad02cd04dcac863f90faa037']"
['refactor'],['fix'],1.7965660095214844,['ab1e60a97c6d5c688dacbd23bca40cb8f20c4ac3']
"['refactor', 'cicd']","['fix', 'cicd', 'refactor']",17.402547121047974,"['cbce777addb3dd118232a9f28db9d425d4c937b2', 'c81a0c2999454c859b4bf4da5779712960d239be', '8246d024f21d93cc092e19bede5f7b3a5325c8dc']"
"['refactor', 'test']",['refactor'],19.119717836380005,['323cf81961cdd3748a7ba6ba470ecb13e5374e9f']
"['feat', 'fix', 'refactor']",['docs'],2.4014430046081543,['099861ff5b0f83773ca0af4c70e6e39be3b0336c']
"['refactor', 'docs']","['build', 'docs']",20.899741888046265,"['c44cf88a6ec54e5ddd99d8348bcc57b301ec7945', 'cb1f48b56ae0de93acb72e48726c7d610a1d538e']"
"['refactor', 'docs']",['docs'],3.3301258087158203,['72bc0f5172c0a3d17bde29cfc00db4c60d2fee3a']
"['build', 'cicd']","['cicd', 'fix', 'build']",10.340506076812744,"['640cd88df3069a97d8244398414338dd317c5470', 'eb513f7eeea7865f15e5bd561a471d1f4381ea70', '607ecc92b5f8c084304e406eec725b7dcfa0a562']"
"['refactor', 'cicd']","['refactor', 'cicd', 'feat']",14.865288972854614,"['983fef55ef08ca2ca25349bb2d5bdff10ecf89f4', '6132632f7517195c7333308e9c667cdb756bf0af', '4d92f352741b04c8709319dfe5c8419654f3682c']"
